Tên,"Giá khuyến mãi","Giá bán thường","Hình ảnh"
"Xe Điện Cân Bằng Homesheel X8 PLUS USA",,4090000,"https://homesheel.com.vn/wp-content/uploads/2018/06/x8_11.jpg, https://homesheel.com.vn/wp-content/uploads/2021/05/x8-xanh-ngan-ha.jpg, https://homesheel.com.vn/wp-content/uploads/2021/05/x8-tim-ngan-ha.jpg, https://homesheel.com.vn/wp-content/uploads/2021/05/homesheel-x8-plus-xanh-cam-lua.jpg, https://homesheel.com.vn/wp-content/uploads/2022/08/z4125482254286_c8399caf9668b665c6e96973c92c085f.jpg"
"Skateboard Homesheel A2",,3990000,https://homesheel.com.vn/wp-content/uploads/2018/06/A2.jpg
"Skateboard Homesheel A1",,3680000,https://homesheel.com.vn/wp-content/uploads/2018/06/a1.jpg
"Skateboard Homesheel A3",,6990000,https://homesheel.com.vn/wp-content/uploads/2018/06/A3.jpg
"Homesheel OFF ROAD",,7980000,https://homesheel.com.vn/wp-content/uploads/2018/06/8c01e15877f290acc9e3.jpg
"Homesheel MINI PRO",,8390000,"https://homesheel.com.vn/wp-content/uploads/2018/06/MINI-PRO-1.jpg, https://homesheel.com.vn/wp-content/uploads/2022/08/z4125482233938_3786efa1403d42f70673c8f9f483619c.jpg"
"Homesheel Ninebot USA",,8190000,"https://homesheel.com.vn/wp-content/uploads/2018/06/ninebote-new-1.jpg, https://homesheel.com.vn/wp-content/uploads/2021/06/ninebot-trang.jpg, https://homesheel.com.vn/wp-content/uploads/2022/08/z4125482238375_0a4f28ab4617a7195e7061a4bbd1a5e6.jpg"
"Homesheel K2",,13000000,https://homesheel.com.vn/wp-content/uploads/2018/06/k2.jpg
"Ván điện Skateboard Homesheel A4",,14490000,https://homesheel.com.vn/wp-content/uploads/2018/06/A4.jpg
"Pin xe điện cân bằng 36v, 4.4AH chính hãng HOMESHEEL",,,"https://homesheel.com.vn/wp-content/uploads/2018/06/c774f2954d3faa61f32e.jpg, https://homesheel.com.vn/wp-content/uploads/2022/04/Untitled-6.jpg, https://homesheel.com.vn/wp-content/uploads/2022/04/SUA-CHUA-PIN-XE-DAP-DIEN.jpg, https://homesheel.com.vn/wp-content/uploads/2022/04/MAY-HAN-PIN.jpg"
"Homesheel DRIFT D1",,4990000,"https://homesheel.com.vn/wp-content/uploads/2018/07/drift.jpg, https://homesheel.com.vn/wp-content/uploads/2018/07/drift-6-1.png, https://homesheel.com.vn/wp-content/uploads/2018/07/drift-5-1.png, https://homesheel.com.vn/wp-content/uploads/2018/07/drift-3-1.png, https://homesheel.com.vn/wp-content/uploads/2018/07/drift-2-2.png, https://homesheel.com.vn/wp-content/uploads/2018/07/drift-1-1.jpg, https://homesheel.com.vn/wp-content/uploads/2021/06/D1nu.jpg, https://homesheel.com.vn/wp-content/uploads/2021/06/D1.jpg"
"Xe Điện Scooter Homesheel X6",,8990000,"https://homesheel.com.vn/wp-content/uploads/2018/08/xe-scooter-dien-homesheel-x6.png, https://homesheel.com.vn/wp-content/uploads/2022/08/z4125482256519_34b371149b8d397eeff953bbda148f19.jpg"
"Gậy xe điện cân bằng homesheel G1",,199000,https://homesheel.com.vn/wp-content/uploads/2018/10/2db6566ff7c5109b49d4.jpg
"Chân chống xe điện ninebot",,129000,https://homesheel.com.vn/wp-content/uploads/2018/10/6bf35aa0fa0a1d54441b.jpg
"Homesheel Y3",,19500000,https://homesheel.com.vn/wp-content/uploads/2018/11/y3.jpg
"Homesheel HL1",,5990000,https://homesheel.com.vn/wp-content/uploads/2018/11/HL1-1.jpg
"Sạc xe điện cân bằng 36V-42V Homesheel USA",,380000,https://homesheel.com.vn/wp-content/uploads/2019/01/sac-xe-dien-can-bang-homesheel-42v.png
"Skateboard Homesheel H3",,12999000,https://homesheel.com.vn/wp-content/uploads/2019/07/h3.jpg
"Xe Điện Gấp Homesheel C1",,11490000,"https://homesheel.com.vn/wp-content/uploads/2019/03/c1.jpg, https://homesheel.com.vn/wp-content/uploads/2019/03/xe-điện-gấp-gọn-homesheel-C1-6.png, https://homesheel.com.vn/wp-content/uploads/2020/07/15beada92c16d1488807.jpg, https://homesheel.com.vn/wp-content/uploads/2020/07/z1964270637005_95767f986ca32e2fd6d7499d09a789dd.jpg"
"Homesheel X7",,8900000,"https://homesheel.com.vn/wp-content/uploads/2019/04/x7.jpg, https://homesheel.com.vn/wp-content/uploads/2019/04/58739979_2002029976772093_5207793402841661440_n.jpg"
"Skateboard Homesheel A5",,6990000,https://homesheel.com.vn/wp-content/uploads/2019/05/a5.jpg
"Xe Điện Gấp Homesheel A2 (USA)",12990000,14390000,"https://homesheel.com.vn/wp-content/uploads/2019/06/a2.jpg, https://homesheel.com.vn/wp-content/uploads/2021/05/A2-BAC-3.jpg, https://homesheel.com.vn/wp-content/uploads/2021/05/A2-XAM.jpg, https://homesheel.com.vn/wp-content/uploads/2021/05/A2-BAC-1.jpg, https://homesheel.com.vn/wp-content/uploads/2021/05/A2-BAC2.jpg, https://homesheel.com.vn/wp-content/uploads/2021/09/THE_9555.jpg, https://homesheel.com.vn/wp-content/uploads/2019/06/z3176437173975_ca994cf06a649ebdbdc6fc1fafc4e934.jpg"
"Xe Điện Gấp Gọn Homesheel AONE X (USA)",,16490000,"https://homesheel.com.vn/wp-content/uploads/2019/07/3.jpg, https://homesheel.com.vn/wp-content/uploads/2019/07/3.jpg, https://homesheel.com.vn/wp-content/uploads/2019/07/2.jpg, https://homesheel.com.vn/wp-content/uploads/2019/07/He6a96aec90de4bdfbeb7aaf51a692297f.jpg, https://homesheel.com.vn/wp-content/uploads/2019/07/5.jpg, https://homesheel.com.vn/wp-content/uploads/2021/05/AoneX-12.5-3.jpg"
"Homesheel S6 PLUS usa ( 2 năm bảo hành)",,4090000,"https://homesheel.com.vn/wp-content/uploads/2019/07/S6.jpg, https://homesheel.com.vn/wp-content/uploads/2021/05/x6plus-xanh-cam-lua.jpg, https://homesheel.com.vn/wp-content/uploads/2021/05/homesheel-s6-plus-xanh-ngan-ha.jpg, https://homesheel.com.vn/wp-content/uploads/2021/05/s6-plus-phien-ban-rong-do_mau-pink.png"
"Xe điện gấp gọn độc nhất và thông minh Homesheel  T5_ 8AH",,11500000,"https://homesheel.com.vn/wp-content/uploads/2019/10/t5.jpg, https://homesheel.com.vn/wp-content/uploads/2019/10/t5ava2trang.jpg, https://homesheel.com.vn/wp-content/uploads/2019/10/t5avado.jpg, https://homesheel.com.vn/wp-content/uploads/2019/10/t58.jpg, https://homesheel.com.vn/wp-content/uploads/2019/10/t56sacpin.jpg, https://homesheel.com.vn/wp-content/uploads/2019/10/t55thietke.jpg, https://homesheel.com.vn/wp-content/uploads/2019/10/t5yễn.jpg, https://homesheel.com.vn/wp-content/uploads/2019/10/t5thangdia.jpg, https://homesheel.com.vn/wp-content/uploads/2019/10/t5hiendaituonglai.jpg, https://homesheel.com.vn/wp-content/uploads/2019/10/t5den.jpg, https://homesheel.com.vn/wp-content/uploads/2019/10/t59congnghemoi.jpg, https://homesheel.com.vn/wp-content/uploads/2019/10/t5-bao-hanh.jpg"
"Homesheel Drift D2",,4790000,https://homesheel.com.vn/wp-content/uploads/2019/11/Xe-dien-3-banh-the-thao-D2-7.jpg
"Xe Điện Scooter Homesheel FTN S1",,12490000,"https://homesheel.com.vn/wp-content/uploads/2020/02/Homesheel-S1-1.png, https://homesheel.com.vn/wp-content/uploads/2020/02/scooter-s12.jpg, https://homesheel.com.vn/wp-content/uploads/2020/02/scooter-s13.jpg, https://homesheel.com.vn/wp-content/uploads/2020/02/scooter-s1.jpg, https://homesheel.com.vn/wp-content/uploads/2020/02/Homesheel-S1-1.png"
"XE ĐIỆN CÂN BẰNG ĐỊA HÌNH HOMESHEEL X60",,26990000,https://homesheel.com.vn/wp-content/uploads/2020/02/WeChat-Image_20200221125518.jpg
"Homesheel Airwheel R5",,13800000,"https://homesheel.com.vn/wp-content/uploads/2020/04/avata-homesheel-1.jpg, https://homesheel.com.vn/wp-content/uploads/2020/04/DF4A6217897-scaled.jpg, https://homesheel.com.vn/wp-content/uploads/2020/04/DF4A6215-scaled.jpg"
"Xe Đạp Điện Thể Thao Homesheel T20( USA)",,27490000,"https://homesheel.com.vn/wp-content/uploads/2020/04/T20.jpg, https://homesheel.com.vn/wp-content/uploads/2020/04/THE_9309.jpg, https://homesheel.com.vn/wp-content/uploads/2020/04/THE_9324.jpg, https://homesheel.com.vn/wp-content/uploads/2020/08/pin-kha-nang-thao-roi.jpg, https://homesheel.com.vn/wp-content/uploads/2020/08/homesheel-t20-2.jpg, https://homesheel.com.vn/wp-content/uploads/2020/08/homesheel-t20-1.jpg, https://homesheel.com.vn/wp-content/uploads/2021/10/1-1.jpg, https://homesheel.com.vn/wp-content/uploads/2021/10/121527630_1286392075046408_4856926690426278516_o.jpg"
"Vali điện trẻ em Homesheel Airwheel SQ-3",,6250000,"https://homesheel.com.vn/wp-content/uploads/2020/04/kid.jpg, https://homesheel.com.vn/wp-content/uploads/2020/04/q.jpg, https://homesheel.com.vn/wp-content/uploads/2020/04/screenshot_1587461327.png, https://homesheel.com.vn/wp-content/uploads/2020/04/screenshot_1587461076.png, https://homesheel.com.vn/wp-content/uploads/2020/04/screenshot_1587461314.png, https://homesheel.com.vn/wp-content/uploads/2020/04/screenshot_1587461293.png"
"Xe điện gấp gọn độc nhất và thông minh Homesheel T5_ 12AH",,11990000,"https://homesheel.com.vn/wp-content/uploads/2019/10/t5.jpg, https://homesheel.com.vn/wp-content/uploads/2019/10/t5ava2trang.jpg, https://homesheel.com.vn/wp-content/uploads/2019/10/t5avado.jpg, https://homesheel.com.vn/wp-content/uploads/2019/10/t58.jpg, https://homesheel.com.vn/wp-content/uploads/2019/10/t56sacpin.jpg, https://homesheel.com.vn/wp-content/uploads/2019/10/t55thietke.jpg, https://homesheel.com.vn/wp-content/uploads/2019/10/t5yễn.jpg, https://homesheel.com.vn/wp-content/uploads/2019/10/t5thangdia.jpg, https://homesheel.com.vn/wp-content/uploads/2019/10/t5hiendaituonglai.jpg, https://homesheel.com.vn/wp-content/uploads/2019/10/t5den.jpg, https://homesheel.com.vn/wp-content/uploads/2019/10/t59congnghemoi.jpg, https://homesheel.com.vn/wp-content/uploads/2019/10/t5-bao-hanh.jpg"
"Xe đạp điện thể thao Homesheel R8",,17990000,"https://homesheel.com.vn/wp-content/uploads/2020/07/Homesheel-airwheel-R8-3.png, https://homesheel.com.vn/wp-content/uploads/2020/07/airwheel-r8-Triangle_electric_bike-l.jpg, https://homesheel.com.vn/wp-content/uploads/2020/07/airwheel-r8-function1.jpg, https://homesheel.com.vn/wp-content/uploads/2020/07/airwheel-r8-design4.jpg, https://homesheel.com.vn/wp-content/uploads/2020/07/airwheel-r8-design3.jpg, https://homesheel.com.vn/wp-content/uploads/2020/07/airwheel-r8-design5.jpg, https://homesheel.com.vn/wp-content/uploads/2020/07/airwheel-r8-design8.jpg, https://homesheel.com.vn/wp-content/uploads/2020/07/airwheel-r8-design7.jpg, https://homesheel.com.vn/wp-content/uploads/2020/07/airwheel-r8-design2.jpg, https://homesheel.com.vn/wp-content/uploads/2020/07/airwheel-r8-function6.jpg, https://homesheel.com.vn/wp-content/uploads/2020/07/airwheel-r8-function3.jpg"
"Homesheel S8 USA (new)",,10800000,"https://homesheel.com.vn/wp-content/uploads/2019/07/S8.jpg, https://homesheel.com.vn/wp-content/uploads/2020/07/airwheel_s8_ligh.jpg, https://homesheel.com.vn/wp-content/uploads/2020/07/airwheel_s8_electric_walkcar.jpg, https://homesheel.com.vn/wp-content/uploads/2020/07/airwheel_s8_electric_app.jpg, https://homesheel.com.vn/wp-content/uploads/2020/07/airwheel_s8_design_2.jpg, https://homesheel.com.vn/wp-content/uploads/2020/07/airwheel_s8_control.jpg, https://homesheel.com.vn/wp-content/uploads/2020/07/airwheel_electric_s8.jpg, https://homesheel.com.vn/wp-content/uploads/2020/07/airwheel_doublewheel_s8.jpg, https://homesheel.com.vn/wp-content/uploads/2020/07/15.png, https://homesheel.com.vn/wp-content/uploads/2020/07/airwheel_s8_rain_ride.png, https://homesheel.com.vn/wp-content/uploads/2020/07/Untitled.png, https://homesheel.com.vn/wp-content/uploads/2020/07/airwheel_s8_rain_ride.jpg, https://homesheel.com.vn/wp-content/uploads/2020/07/airwheel_s8_light.png"
"Homesheel F1 GYROOR",,7490000,"https://homesheel.com.vn/wp-content/uploads/2020/07/2-4.jpg, https://homesheel.com.vn/wp-content/uploads/2020/07/2-4.jpg, https://homesheel.com.vn/wp-content/uploads/2020/07/1-5.jpg, https://homesheel.com.vn/wp-content/uploads/2021/05/xe-xam.png, https://homesheel.com.vn/wp-content/uploads/2021/05/xe-vang.png, https://homesheel.com.vn/wp-content/uploads/2021/05/xe-do.png"
"Xe điện cân bằng Homesheel G2 GYROOR",,6290000,"https://homesheel.com.vn/wp-content/uploads/2020/07/homesheel-G2-gyroor-avata.png, https://homesheel.com.vn/wp-content/uploads/2020/07/1-3.jpg, https://homesheel.com.vn/wp-content/uploads/2020/07/2-2.jpg, https://homesheel.com.vn/wp-content/uploads/2020/07/2_1.jpg, https://homesheel.com.vn/wp-content/uploads/2020/07/3-3.jpg, https://homesheel.com.vn/wp-content/uploads/2020/07/3_1.jpg, https://homesheel.com.vn/wp-content/uploads/2020/07/4-1.jpg, https://homesheel.com.vn/wp-content/uploads/2020/07/4_1.jpg, https://homesheel.com.vn/wp-content/uploads/2020/07/5.jpg, https://homesheel.com.vn/wp-content/uploads/2020/07/5_1.jpg"
"Xe Điện Gấp Homesheel Airwheel E3 USA (new)",,13600000,"https://homesheel.com.vn/wp-content/uploads/2020/08/airwheel_e3_multiplefold.gif, https://homesheel.com.vn/wp-content/uploads/2020/08/homesheel-airwheel-e3-siêu-gấp-1.jpg, https://homesheel.com.vn/wp-content/uploads/2020/08/6-1.jpg, https://homesheel.com.vn/wp-content/uploads/2020/08/5-1.jpg, https://homesheel.com.vn/wp-content/uploads/2020/08/4-1.jpg, https://homesheel.com.vn/wp-content/uploads/2020/08/WeChat-Image_202008101606113.png"
"Xe Đạp Điện Gấp Gọn Homesheel R6",14490000,15690000,"https://homesheel.com.vn/wp-content/uploads/2021/05/r6-den.jpg, https://homesheel.com.vn/wp-content/uploads/2020/12/Layer-18dfsfhjh.png, https://homesheel.com.vn/wp-content/uploads/2020/12/Layer-20dfsfhjh.png, https://homesheel.com.vn/wp-content/uploads/2021/05/r6-den.jpg, https://homesheel.com.vn/wp-content/uploads/2021/05/r6.jpg, https://homesheel.com.vn/wp-content/uploads/2020/12/THE_9196.jpg, https://homesheel.com.vn/wp-content/uploads/2021/06/12.jpg, https://homesheel.com.vn/wp-content/uploads/2021/06/3.jpg, https://homesheel.com.vn/wp-content/uploads/2021/06/Airwheel_R6_smart_assist_bike_20170726142626342.jpg, https://homesheel.com.vn/wp-content/uploads/2021/06/2.jpg, https://homesheel.com.vn/wp-content/uploads/2021/10/R6-hinh-thuc-te-1.jpg, https://homesheel.com.vn/wp-content/uploads/2022/08/z4125482263435_9df9763988ae905bf5e347b647fb25f5.jpg"
"Xe Điện Homesheel Scooter X8 (New)",10490000,10990000,"https://homesheel.com.vn/wp-content/uploads/2021/01/homesheel-x8-tiktok-5.png, https://homesheel.com.vn/wp-content/uploads/2021/01/THE_9597.jpg, https://homesheel.com.vn/wp-content/uploads/2021/01/THE_9372.jpg, https://homesheel.com.vn/wp-content/uploads/2021/01/z4124266000139_26669e0744f03068a7c6731182a561c1.jpg"
"Xe Đạp Điện Gấp Gọn Homesheel T6-8AH",13490000,14190000,"https://homesheel.com.vn/wp-content/uploads/2021/03/xe-dien-gap-gon-homesheel-t6-900.png, https://homesheel.com.vn/wp-content/uploads/2021/03/2.jpg, https://homesheel.com.vn/wp-content/uploads/2021/03/3.jpg, https://homesheel.com.vn/wp-content/uploads/2021/03/4.jpg, https://homesheel.com.vn/wp-content/uploads/2021/03/微信图片_20210329164616-1-scaled.jpg, https://homesheel.com.vn/wp-content/uploads/2021/03/微信图片_20210329164540-1-scaled.jpg, https://homesheel.com.vn/wp-content/uploads/2021/03/微信图片_20210329164537-1-scaled.jpg, https://homesheel.com.vn/wp-content/uploads/2021/03/微信图片_20210329164530-1-scaled.jpg, https://homesheel.com.vn/wp-content/uploads/2021/03/微信图片_20210329164521-1-scaled.jpg, https://homesheel.com.vn/wp-content/uploads/2021/03/THE_9572.jpg, https://homesheel.com.vn/wp-content/uploads/2021/03/165533942_1408298176189130_7882507205328393089_n.jpg, https://homesheel.com.vn/wp-content/uploads/2021/03/166941041_1408298136189134_519798806941999032_n.jpg, https://homesheel.com.vn/wp-content/uploads/2021/03/165811912_1408298119522469_6557436932360387170_n.jpg, https://homesheel.com.vn/wp-content/uploads/2022/05/z4125482274989_bd1ad272cf62035a76d7dd5c260bbfaa.jpg"
"Xe Đạp Điện Homesheel Airwheel R5 Plus",,16990000,"https://homesheel.com.vn/wp-content/uploads/2021/04/Airwheel-R5-electric_power_bicycle-1.jpg, https://homesheel.com.vn/wp-content/uploads/2021/04/Airwheel-R5-electric_moped_bike-1.jpg, https://homesheel.com.vn/wp-content/uploads/2021/04/Airwheel-R5-citizen_e-bike-1.jpg, https://homesheel.com.vn/wp-content/uploads/2021/04/r57.jpg, https://homesheel.com.vn/wp-content/uploads/2021/04/r56.jpg, https://homesheel.com.vn/wp-content/uploads/2021/04/r55.jpg, https://homesheel.com.vn/wp-content/uploads/2021/04/r5-4-Copy.jpg, https://homesheel.com.vn/wp-content/uploads/2021/04/r53.jpg, https://homesheel.com.vn/wp-content/uploads/2021/04/r52-Copy.jpg, https://homesheel.com.vn/wp-content/uploads/2021/04/r51.jpg, https://homesheel.com.vn/wp-content/uploads/2021/04/r5.jpg"
"Mút cần xe điện minipro",,300000,"https://homesheel.com.vn/wp-content/uploads/2021/06/yen-mi-plus.jpg, https://homesheel.com.vn/wp-content/uploads/2021/06/yen-mi-plus.jpg"
"KHUNG XE ĐIỆN CÂN BẰNG HOMESHEEL MINIPRO",,500000,https://homesheel.com.vn/wp-content/uploads/2021/06/khung-xe-ninepot-1.jpg
"BÁNH SAU XE ĐIỆN GẤP HOMESHEEL A2",,2300000,https://homesheel.com.vn/wp-content/uploads/2021/06/mat-truoc.jpg
"SĂM BÁNH TRƯỚC  XE ĐIỆN GẤP GỌN HOMESHEEL A2",,250000,https://homesheel.com.vn/wp-content/uploads/2021/06/ruot-xe.jpg
"KHUNG XE ĐIỆN CÂN BẰNG HOMESHEEL",,450000,"https://homesheel.com.vn/wp-content/uploads/2021/06/khung-xcb.jpg, https://homesheel.com.vn/wp-content/uploads/2021/06/khungsau-xcb.jpg"
"BÁNH SAU XE ĐIỆN GẤP HOMESHEEL A ONE X",,3000000,https://homesheel.com.vn/wp-content/uploads/2021/06/dong-co-a1x.jpg
"Balo Đựng Homesheel Scooter X6",,290000,"https://homesheel.com.vn/wp-content/uploads/2021/06/z4879511969185_66c4b2f28a03b1197200ca4337caea14.jpg, https://homesheel.com.vn/wp-content/uploads/2021/06/z3723243545793_0d253a22b2734b08e6462ccd4588344c.jpg, https://homesheel.com.vn/wp-content/uploads/2021/06/z3723243550070_d6c1ded32397fe172d03d753d10fd35e.jpg, https://homesheel.com.vn/wp-content/uploads/2021/06/z3723243556008_007e91d23fb79d1805ae75a6c6bcd346.jpg, https://homesheel.com.vn/wp-content/uploads/2021/06/z4879512025190_8fbee579936c460e76780be33f063584.jpg, https://homesheel.com.vn/wp-content/uploads/2021/06/z4879511974152_f059885932dba6093868ae5898b6f97d.jpg"
"Pin xe điện cân bằng 36v, 4.4AH chính hãng HOMESHEEL - Xe cân bằng có cần",,1690000,
"Pin xe điện cân bằng 36v, 4.4AH chính hãng HOMESHEEL - Xe cân bằng không cần",,990000,
"Xe Điện Gấp Homesheel A2 PRO (USA)",13990000,15490000,"https://homesheel.com.vn/wp-content/uploads/2021/05/Xe-dien-the-thao-Homesheel-A2-2.jpg, https://homesheel.com.vn/wp-content/uploads/2019/06/Xe-dien-the-thao-Homesheel-A2-1.jpg, https://homesheel.com.vn/wp-content/uploads/2021/05/Xe-dien-the-thao-Homesheel-A2-3.jpg, https://homesheel.com.vn/wp-content/uploads/2021/05/Xe-dien-the-thao-Homesheel-A2-2.jpg, https://homesheel.com.vn/wp-content/uploads/2021/05/A2-BAC-1.jpg, https://homesheel.com.vn/wp-content/uploads/2021/05/A2-BAC2.jpg, https://homesheel.com.vn/wp-content/uploads/2019/07/a2.jpg, https://homesheel.com.vn/wp-content/uploads/2019/07/A2.jpg, https://homesheel.com.vn/wp-content/uploads/2021/09/THE_9555.jpg"
"Xe điện t21",,,
"Xe điện t21 - Bạc",,,
"Xe điện t21 - Đen",,,
"Xe điện t21 - Xanh lá",,,
"BÁNH SAU XE ĐIỆN GẤP HOMESHEEL A2 (Sao chép)",,2300000,https://homesheel.com.vn/wp-content/uploads/2021/06/mat-truoc.jpg
"MŨ BẢO HỘ, NÓN BẢO HỘ ĐI XE ĐIỆN MU01",210000,300000,"https://homesheel.com.vn/wp-content/uploads/2021/11/a82522596f1da443fd0c-scaled.jpg, https://homesheel.com.vn/wp-content/uploads/2021/11/f7e6a9b1e4f52fab76e4-scaled.jpg"
"BẢO HỘ TAY CHÂN ĐI XE ĐIỆN BT01",,280000,"https://homesheel.com.vn/wp-content/uploads/2021/11/96afc0a88dec46b21ffd-Copy.jpg, https://homesheel.com.vn/wp-content/uploads/2021/11/e7d84cd40190cace9381-Copy.jpg, https://homesheel.com.vn/wp-content/uploads/2021/11/z2946122237161_90fee7b6e0b839cc8aa3f39dc1b1a1a1.jpg, https://homesheel.com.vn/wp-content/uploads/2021/11/z4476629675027_15fdc140997c4badf0a770558a740e46.jpg, https://homesheel.com.vn/wp-content/uploads/2021/11/z4476635604241_92322c596d0cb29059e2ca9f750e22b3.jpg, https://homesheel.com.vn/wp-content/uploads/2021/11/WeChat-Image_20230630155623.jpg, https://homesheel.com.vn/wp-content/uploads/2021/11/WeChat-Image_20230630155618.jpg, https://homesheel.com.vn/wp-content/uploads/2021/11/z2946122144357_9e3fb4f06d537552184e03dfd941a727-2.jpg, https://homesheel.com.vn/wp-content/uploads/2021/11/z2946122091300_9fa5a636510335383f04b2b7ddd57d49-1.jpg, https://homesheel.com.vn/wp-content/uploads/2021/11/dg.jpg"
"Xe điện cân bằng Homesheel S10 PLUS",,5190000,"https://homesheel.com.vn/wp-content/uploads/2021/12/z3012337919330_d368ef6fd96b19dff38d58c466d715c8.jpg, https://homesheel.com.vn/wp-content/uploads/2021/12/z3012337919330_d368ef6fd96b19dff38d58c466d715c8.jpg, https://homesheel.com.vn/wp-content/uploads/2021/12/z3012338005426_5aeb61573b4a1a71a990566d23c01abf.jpg, https://homesheel.com.vn/wp-content/uploads/2021/12/z3012337980270_49c8d9f89fcd860b0bb57cf9472a1390.jpg, https://homesheel.com.vn/wp-content/uploads/2021/12/z3012337971391_2e7a838b5ae86e68fe03d528bb991b94.jpg, https://homesheel.com.vn/wp-content/uploads/2021/12/z3012337959812_3ac455abec581ed3e56faf9451758602.jpg, https://homesheel.com.vn/wp-content/uploads/2021/12/z3012337947702_0149b6f0735971300db953aa29995f87.jpg, https://homesheel.com.vn/wp-content/uploads/2021/12/z3012337938151_23146d6726ab07edab20ddb8a6332ad4.jpg, https://homesheel.com.vn/wp-content/uploads/2021/12/z3012337938150_1d85da233de2b82daf9260cbdcd53895.jpg, https://homesheel.com.vn/wp-content/uploads/2021/12/z3012337927937_6cbaf553c8e9aad06d9c10a481cd0944.jpg, https://homesheel.com.vn/wp-content/uploads/2021/12/z3024196465350_58f3d673c8044a50453d1c7d724f7393.jpg"
"Xe đạp điện gấp Homesheel T5S PLUS (15AH)",13490000,14690000,"https://homesheel.com.vn/wp-content/uploads/2021/12/1-1.jpg, https://homesheel.com.vn/wp-content/uploads/2021/12/15.jpg, https://homesheel.com.vn/wp-content/uploads/2021/12/14.jpg, https://homesheel.com.vn/wp-content/uploads/2021/12/13.jpg, https://homesheel.com.vn/wp-content/uploads/2021/12/12.jpg, https://homesheel.com.vn/wp-content/uploads/2021/12/11.jpg, https://homesheel.com.vn/wp-content/uploads/2021/12/10.jpg, https://homesheel.com.vn/wp-content/uploads/2021/12/9.jpg, https://homesheel.com.vn/wp-content/uploads/2021/12/8.jpg, https://homesheel.com.vn/wp-content/uploads/2021/12/7.jpg, https://homesheel.com.vn/wp-content/uploads/2021/12/6.jpg, https://homesheel.com.vn/wp-content/uploads/2021/12/5.jpg, https://homesheel.com.vn/wp-content/uploads/2021/12/3.jpg, https://homesheel.com.vn/wp-content/uploads/2021/12/2.jpg, https://homesheel.com.vn/wp-content/uploads/2021/12/405b2774b85772092b46.jpg, https://homesheel.com.vn/wp-content/uploads/2021/12/5e8b72a4ed8727d97e96.jpg, https://homesheel.com.vn/wp-content/uploads/2021/12/t5s-plus-xanh.jpg, https://homesheel.com.vn/wp-content/uploads/2021/12/t5s-plus.jpg, https://homesheel.com.vn/wp-content/uploads/2021/12/300520792_506574454610525_4282616206755698329_n.jpg, https://homesheel.com.vn/wp-content/uploads/2022/08/z4125482216257_b8ef08d12c551759d8041f2f0dfb65fa.jpg"
"Xe đạp điện Homesheel C20",,17990000,"https://homesheel.com.vn/wp-content/uploads/2022/01/222.jpg, https://homesheel.com.vn/wp-content/uploads/2022/01/BDG03656-scaled.jpg, https://homesheel.com.vn/wp-content/uploads/2022/01/BDG03790-scaled.jpg, https://homesheel.com.vn/wp-content/uploads/2022/01/BDG03766-scaled.jpg, https://homesheel.com.vn/wp-content/uploads/2022/01/BDG03743-scaled.jpg, https://homesheel.com.vn/wp-content/uploads/2022/01/BDG03703-scaled.jpg, https://homesheel.com.vn/wp-content/uploads/2022/01/BDG03685-scaled.jpg, https://homesheel.com.vn/wp-content/uploads/2022/01/BDG03678-scaled.jpg, https://homesheel.com.vn/wp-content/uploads/2022/01/BDG03676-scaled.jpg, https://homesheel.com.vn/wp-content/uploads/2022/01/BDG03663-scaled.jpg, https://homesheel.com.vn/wp-content/uploads/2022/01/BDG03659-scaled.jpg"
"Xe đạp điện Homesheel C17",,,"https://homesheel.com.vn/wp-content/uploads/2022/01/111-1.jpg, https://homesheel.com.vn/wp-content/uploads/2022/01/z3047075378155_d3add0b118bc4c82df24f7f8454ef7d1.jpg, https://homesheel.com.vn/wp-content/uploads/2022/01/z3047075417861_d9f4c9e7ca1ac3f0e8a744c030b8c2d7.jpg, https://homesheel.com.vn/wp-content/uploads/2022/01/z3047075414152_6aadba9666cef459cc8985f31d5551ef.jpg, https://homesheel.com.vn/wp-content/uploads/2022/01/z3047075406417_a390b9df21d95ef5a8cc073b637a9b02.jpg, https://homesheel.com.vn/wp-content/uploads/2022/01/z3047075401951_ac7311631dc1002b4656922bd7bff9d0.jpg, https://homesheel.com.vn/wp-content/uploads/2022/01/z3047075394985_96e2e34eafc6091dc358863c6874fc78-e1658912700552.jpg, https://homesheel.com.vn/wp-content/uploads/2022/01/z3047075390713_693d24e03a9f458878184dc5d4bb674d.jpg, https://homesheel.com.vn/wp-content/uploads/2022/01/z3047075384171_df4f9d10eb9837ca95effa65a1542664.jpg"
"Xe đạp điện Homesheel C17 - Đen",16990000,18990000,https://homesheel.com.vn/wp-content/uploads/2020/07/Homesheel-airwheel-R8-4.png
"Xe đạp điện Homesheel C17 - Trắng",,18990000,https://homesheel.com.vn/wp-content/uploads/2018/06/airwheel_r8.png
"Xe điện cân bằng Homesheel S10",,5190000,"https://homesheel.com.vn/wp-content/uploads/2022/03/z3012337980270_49c8d9f89fcd860b0bb57cf9472a1390.jpg, https://homesheel.com.vn/wp-content/uploads/2021/10/s10-1.jpg, https://homesheel.com.vn/wp-content/uploads/2021/10/s10.jpg, https://homesheel.com.vn/wp-content/uploads/2021/10/1.jpg, https://homesheel.com.vn/wp-content/uploads/2021/10/Xe-dien-can-bang-Homesheel-S10.jpg"
"Xe Đạp Điện Gấp Homesheel T5S ( phiên bản 2022)",,12690000,"https://homesheel.com.vn/wp-content/uploads/2022/05/homesheel-t5s-2022-red-500.jpg, https://homesheel.com.vn/wp-content/uploads/2022/03/4.jpg, https://homesheel.com.vn/wp-content/uploads/2022/03/3.jpg, https://homesheel.com.vn/wp-content/uploads/2022/03/2.jpg, https://homesheel.com.vn/wp-content/uploads/2022/03/1.jpg, https://homesheel.com.vn/wp-content/uploads/2022/03/den-4.jpg, https://homesheel.com.vn/wp-content/uploads/2022/03/den-3.jpg, https://homesheel.com.vn/wp-content/uploads/2022/03/den-2.jpg, https://homesheel.com.vn/wp-content/uploads/2022/03/den-1.jpg, https://homesheel.com.vn/wp-content/uploads/2022/03/do-4.jpg, https://homesheel.com.vn/wp-content/uploads/2022/03/do-3.jpg, https://homesheel.com.vn/wp-content/uploads/2022/03/do-2.jpg, https://homesheel.com.vn/wp-content/uploads/2022/03/do-1.jpg, https://homesheel.com.vn/wp-content/uploads/2022/08/z4125482268471_2d3d08a038cb6fb8524667d379ed0831.jpg"
"Xe Đạp Điện Thể Thao Homesheel T21( USA)",25490000,27490000,"https://homesheel.com.vn/wp-content/uploads/2022/04/homesheel-t21-tro-luc.jpg, https://homesheel.com.vn/wp-content/uploads/2022/04/homesheel-t21-1.jpg, https://homesheel.com.vn/wp-content/uploads/2022/04/homesheel-t21-cap-do-1.jpg, https://homesheel.com.vn/wp-content/uploads/2022/04/homesheel-t21-man-hinh-1.jpg, https://homesheel.com.vn/wp-content/uploads/2022/04/homesheel-t21-sa-1.jpg, https://homesheel.com.vn/wp-content/uploads/2022/04/homesheel-t21-tro-luc-2.jpg, https://homesheel.com.vn/wp-content/uploads/2022/04/homesheel-t21-tro-luc-1-1.jpg"
"Pin xe đạp điện chính hãng HOMESHEEL 48V 10.4AH",,3700000,"https://homesheel.com.vn/wp-content/uploads/2022/04/pin-xe-dien-homesheel-4111.jpg, https://homesheel.com.vn/wp-content/uploads/2022/04/Untitled-6.jpg, https://homesheel.com.vn/wp-content/uploads/2022/04/SUA-CHUA-PIN-XE-DAP-DIEN.jpg, https://homesheel.com.vn/wp-content/uploads/2022/04/MAY-HAN-PIN.jpg"
"Pin xe đạp điện chính hãng HOMESHEEL 48V 15AH",,4990000,"https://homesheel.com.vn/wp-content/uploads/2022/04/pin-xe-dien-homesheel-411.jpg, https://homesheel.com.vn/wp-content/uploads/2022/04/Untitled-6.jpg, https://homesheel.com.vn/wp-content/uploads/2022/04/SUA-CHUA-PIN-XE-DAP-DIEN.jpg, https://homesheel.com.vn/wp-content/uploads/2022/04/MAY-HAN-PIN.jpg"
"Sạc xe điện 48v, adapter 48v Homesheel DC48 (new)",,480000,"https://homesheel.com.vn/wp-content/uploads/2022/05/3ffb73d158ed99b3c0fc.jpg, https://homesheel.com.vn/wp-content/uploads/2022/05/z3387824042909_4e2531de5c52562a68ed4e3004e57398.jpg, https://homesheel.com.vn/wp-content/uploads/2022/05/z3387824042811_662a8a40e9245591a59dc81204670b6c.jpg, https://homesheel.com.vn/wp-content/uploads/2022/05/z3387824052703_867d5bedc4505c3a28068f1fcbb5be35.jpg, https://homesheel.com.vn/wp-content/uploads/2022/05/z3387824051934_53bbe4d3bdb775a281b5702e93490660.jpg, https://homesheel.com.vn/wp-content/uploads/2022/05/3ffb73d158ed99b3c0fc.jpg, https://homesheel.com.vn/wp-content/uploads/2022/05/6d182332080ec950901f.jpg"
"Xe Đạp Điện Gấp Homesheel T5S ( phiên bản 2022) (new_White)",,12690000,"https://homesheel.com.vn/wp-content/uploads/2022/03/1.jpg, https://homesheel.com.vn/wp-content/uploads/2022/03/4.jpg, https://homesheel.com.vn/wp-content/uploads/2022/03/3.jpg, https://homesheel.com.vn/wp-content/uploads/2022/03/2.jpg, https://homesheel.com.vn/wp-content/uploads/2022/03/1.jpg, https://homesheel.com.vn/wp-content/uploads/2022/03/den-4.jpg, https://homesheel.com.vn/wp-content/uploads/2022/03/den-3.jpg, https://homesheel.com.vn/wp-content/uploads/2022/03/den-2.jpg, https://homesheel.com.vn/wp-content/uploads/2022/03/den-1.jpg, https://homesheel.com.vn/wp-content/uploads/2022/03/do-4.jpg, https://homesheel.com.vn/wp-content/uploads/2022/03/do-3.jpg, https://homesheel.com.vn/wp-content/uploads/2022/03/do-2.jpg, https://homesheel.com.vn/wp-content/uploads/2022/03/do-1.jpg, https://homesheel.com.vn/wp-content/uploads/2022/08/z4125482268471_2d3d08a038cb6fb8524667d379ed0831.jpg"
"Xe Đạp Điện Gấp Homesheel T5S 2022 (new_BLACK)",,12690000,"https://homesheel.com.vn/wp-content/uploads/2022/05/homesheel-t5s-2022-black500.jpg, https://homesheel.com.vn/wp-content/uploads/2022/03/4.jpg, https://homesheel.com.vn/wp-content/uploads/2022/03/3.jpg, https://homesheel.com.vn/wp-content/uploads/2022/03/2.jpg, https://homesheel.com.vn/wp-content/uploads/2022/03/1.jpg, https://homesheel.com.vn/wp-content/uploads/2022/03/den-4.jpg, https://homesheel.com.vn/wp-content/uploads/2022/03/den-3.jpg, https://homesheel.com.vn/wp-content/uploads/2022/03/den-2.jpg, https://homesheel.com.vn/wp-content/uploads/2022/03/den-1.jpg, https://homesheel.com.vn/wp-content/uploads/2022/03/do-4.jpg, https://homesheel.com.vn/wp-content/uploads/2022/03/do-3.jpg, https://homesheel.com.vn/wp-content/uploads/2022/03/do-2.jpg, https://homesheel.com.vn/wp-content/uploads/2022/03/do-1.jpg, https://homesheel.com.vn/wp-content/uploads/2022/08/z4125482268471_2d3d08a038cb6fb8524667d379ed0831.jpg"
"Xe Đạp Điện Gấp Gọn Homesheel T6-8AH _green",13490000,14190000,"https://homesheel.com.vn/wp-content/uploads/2022/05/homesheel-T6-tro-luc-green-1.jpg, https://homesheel.com.vn/wp-content/uploads/2021/03/2.jpg, https://homesheel.com.vn/wp-content/uploads/2021/03/3.jpg, https://homesheel.com.vn/wp-content/uploads/2021/03/4.jpg, https://homesheel.com.vn/wp-content/uploads/2021/03/微信图片_20210329164616-1-scaled.jpg, https://homesheel.com.vn/wp-content/uploads/2021/03/微信图片_20210329164540-1-scaled.jpg, https://homesheel.com.vn/wp-content/uploads/2021/03/微信图片_20210329164537-1-scaled.jpg, https://homesheel.com.vn/wp-content/uploads/2021/03/微信图片_20210329164530-1-scaled.jpg, https://homesheel.com.vn/wp-content/uploads/2021/03/微信图片_20210329164521-1-scaled.jpg, https://homesheel.com.vn/wp-content/uploads/2021/03/THE_9572.jpg, https://homesheel.com.vn/wp-content/uploads/2021/03/165533942_1408298176189130_7882507205328393089_n.jpg, https://homesheel.com.vn/wp-content/uploads/2021/03/166941041_1408298136189134_519798806941999032_n.jpg, https://homesheel.com.vn/wp-content/uploads/2021/03/165811912_1408298119522469_6557436932360387170_n.jpg, https://homesheel.com.vn/wp-content/uploads/2022/05/z4125482274989_bd1ad272cf62035a76d7dd5c260bbfaa.jpg"
"Xe Đạp Điện Gấp Gọn Homesheel T6-8AH _blue",13490000,14190000,"https://homesheel.com.vn/wp-content/uploads/2022/05/homesheel-T6-tro-luc-blue.jpg, https://homesheel.com.vn/wp-content/uploads/2021/03/2.jpg, https://homesheel.com.vn/wp-content/uploads/2021/03/3.jpg, https://homesheel.com.vn/wp-content/uploads/2021/03/4.jpg, https://homesheel.com.vn/wp-content/uploads/2021/03/微信图片_20210329164616-1-scaled.jpg, https://homesheel.com.vn/wp-content/uploads/2021/03/微信图片_20210329164540-1-scaled.jpg, https://homesheel.com.vn/wp-content/uploads/2021/03/微信图片_20210329164537-1-scaled.jpg, https://homesheel.com.vn/wp-content/uploads/2021/03/微信图片_20210329164530-1-scaled.jpg, https://homesheel.com.vn/wp-content/uploads/2021/03/微信图片_20210329164521-1-scaled.jpg, https://homesheel.com.vn/wp-content/uploads/2021/03/THE_9572.jpg, https://homesheel.com.vn/wp-content/uploads/2021/03/165533942_1408298176189130_7882507205328393089_n.jpg, https://homesheel.com.vn/wp-content/uploads/2021/03/166941041_1408298136189134_519798806941999032_n.jpg, https://homesheel.com.vn/wp-content/uploads/2021/03/165811912_1408298119522469_6557436932360387170_n.jpg, https://homesheel.com.vn/wp-content/uploads/2022/05/z4125482274989_bd1ad272cf62035a76d7dd5c260bbfaa.jpg"
"Xe đạp điện gấp Homesheel T5S PLUS (15AH) (đỏ)",13490000,14690000,"https://homesheel.com.vn/wp-content/uploads/2022/05/Xe-dap-dien-gap-gon-homesheel-T5S-PLUS-20-new-red.jpg, https://homesheel.com.vn/wp-content/uploads/2021/12/15.jpg, https://homesheel.com.vn/wp-content/uploads/2021/12/14.jpg, https://homesheel.com.vn/wp-content/uploads/2021/12/13.jpg, https://homesheel.com.vn/wp-content/uploads/2021/12/12.jpg, https://homesheel.com.vn/wp-content/uploads/2021/12/11.jpg, https://homesheel.com.vn/wp-content/uploads/2021/12/10.jpg, https://homesheel.com.vn/wp-content/uploads/2021/12/9.jpg, https://homesheel.com.vn/wp-content/uploads/2021/12/8.jpg, https://homesheel.com.vn/wp-content/uploads/2021/12/7.jpg, https://homesheel.com.vn/wp-content/uploads/2021/12/6.jpg, https://homesheel.com.vn/wp-content/uploads/2021/12/5.jpg, https://homesheel.com.vn/wp-content/uploads/2021/12/3.jpg, https://homesheel.com.vn/wp-content/uploads/2021/12/2.jpg, https://homesheel.com.vn/wp-content/uploads/2021/12/405b2774b85772092b46.jpg, https://homesheel.com.vn/wp-content/uploads/2021/12/5e8b72a4ed8727d97e96.jpg, https://homesheel.com.vn/wp-content/uploads/2022/08/z4125482216257_b8ef08d12c551759d8041f2f0dfb65fa.jpg"
"Xe Đạp Điện Thể Thao Homesheel T22 ( USA) NEW",25990000,27990000,https://homesheel.com.vn/wp-content/uploads/2022/06/T22-15.jpg
"Ghế ngồi xe đạp cho bé Homesheel ( Trắng đen)",,490000,"https://homesheel.com.vn/wp-content/uploads/2022/07/dai-dien1.jpg, https://homesheel.com.vn/wp-content/uploads/2022/07/yen-ngoi-cho-be-1.jpg, https://homesheel.com.vn/wp-content/uploads/2022/07/GHE-NGOI-CHO-BE-DEN-TRANG.jpg"
"Ghế ngồi xe đạp cho bé Homesheel ( Màu đen)",490000,615000,"https://homesheel.com.vn/wp-content/uploads/2022/07/ghe-den-2.jpg, https://homesheel.com.vn/wp-content/uploads/2022/07/ghe-den-1.jpg, https://homesheel.com.vn/wp-content/uploads/2022/07/ghe-den-6.jpg"
"GHẾ NGỒI CHO BÉ MÀU XANH ĐỎ",450000,560000,"https://homesheel.com.vn/wp-content/uploads/2022/07/ghe-xanh-do.jpg, https://homesheel.com.vn/wp-content/uploads/2022/07/ghe-xanh-do-4.jpg, https://homesheel.com.vn/wp-content/uploads/2022/07/ghe-xanh-do-1.jpg"
"GIỎ XE ĐẠP THÉP CACBON HOMESHEEL",,349000,"https://homesheel.com.vn/wp-content/uploads/2022/07/76e179ca41bd83e3daac-scaled.jpg, https://homesheel.com.vn/wp-content/uploads/2022/07/293509134_465705032226410_7482408582474713113_n.jpg, https://homesheel.com.vn/wp-content/uploads/2022/07/293688812_465704982226415_6373527771773690999_n.jpg, https://homesheel.com.vn/wp-content/uploads/2022/07/76e179ca41bd83e3daac-scaled.jpg, https://homesheel.com.vn/wp-content/uploads/2022/07/4f1a8bc0acb76ee937a6-scaled.jpg, https://homesheel.com.vn/wp-content/uploads/2022/07/03169d31a54667183e57-scaled.jpg, https://homesheel.com.vn/wp-content/uploads/2022/07/7f44c861f01632486b07-scaled.jpg, https://homesheel.com.vn/wp-content/uploads/2022/07/9d80fbaec3d9018758c8-scaled.jpg, https://homesheel.com.vn/wp-content/uploads/2022/07/82d54ff47783b5ddec92-scaled.jpg"
"Xe Đạp Điện Thể Thao Homesheel T20 plus ( USA)",28490000,30490000,"https://homesheel.com.vn/wp-content/uploads/2022/08/1-1.jpg, https://homesheel.com.vn/wp-content/uploads/2022/08/3-1.jpg, https://homesheel.com.vn/wp-content/uploads/2022/08/11.jpg, https://homesheel.com.vn/wp-content/uploads/2022/08/8.jpg, https://homesheel.com.vn/wp-content/uploads/2022/08/7.jpg, https://homesheel.com.vn/wp-content/uploads/2022/08/6-1.jpg, https://homesheel.com.vn/wp-content/uploads/2022/08/4.jpg, https://homesheel.com.vn/wp-content/uploads/2022/08/z4136825416087_3f23b4bc15e87bb8f9684467e04c7b2d.jpg"
"Xe điện cân bằng Homesheel R4 mới nhất",,5190000,"https://homesheel.com.vn/wp-content/uploads/2022/09/HOMESHEEL-R4-32.jpg, https://homesheel.com.vn/wp-content/uploads/2022/08/11-1.jpg, https://homesheel.com.vn/wp-content/uploads/2022/08/8-1.jpg, https://homesheel.com.vn/wp-content/uploads/2022/09/HOMESHEEL-R4-3.jpg, https://homesheel.com.vn/wp-content/uploads/2022/09/HOMESHEEL-R4-2.jpg, https://homesheel.com.vn/wp-content/uploads/2022/09/HOMESHEEL-R4-1.jpg, https://homesheel.com.vn/wp-content/uploads/2022/09/homesheel-r4-logo.png, https://homesheel.com.vn/wp-content/uploads/2022/08/z4125482258834_259c72bb022a257ebe3579cc343bf468.jpg"
"TÚI DA TREO XE ĐẠP HOMESHEEL",,450000,"https://homesheel.com.vn/wp-content/uploads/2022/08/z3682973322213_30d4e228adf7d96d6a14efa54c8db697.jpg, https://homesheel.com.vn/wp-content/uploads/2022/08/z3682973364291_8a6d98ce7bb393a47e9b07c652a3f25f.jpg, https://homesheel.com.vn/wp-content/uploads/2022/08/z3682973287413_b7c3e9b59d03d0f29546c2b68d199d1d.jpg, https://homesheel.com.vn/wp-content/uploads/2022/08/z3682973376370_f520ba84a7dd7b52c825328ccaeecd51.jpg, https://homesheel.com.vn/wp-content/uploads/2022/08/z3682972881279_ed06de17a6403baa537e7ce3483aadd6.jpg, https://homesheel.com.vn/wp-content/uploads/2022/08/z3682973096018_1e2f1ea0da2ebd17d81167fa12bd3d21.jpg"
"Xe Điện Cân Bằng Homesheel T9 USA",,4090000,"https://homesheel.com.vn/wp-content/uploads/2022/09/t9-hong-3-scaled.jpg, https://homesheel.com.vn/wp-content/uploads/2022/09/t9-hong-1.jpg"
"HỘP ĐỰNG ĐỒ ĐỘ XE HOMESHEEL T20",950000,1188000,"https://homesheel.com.vn/wp-content/uploads/2022/09/z3744421435060_dff445887769feb18ab90f0a05a84ff9.jpg, https://homesheel.com.vn/wp-content/uploads/2022/09/z3744748585931_173a84188a3a6d92ccb39105c10407c3.jpg, https://homesheel.com.vn/wp-content/uploads/2022/09/z3744720491899_9f8f2970db84b3f7c4f77b70e9f3b6fd.jpg, https://homesheel.com.vn/wp-content/uploads/2022/09/z3744720472721_6b04f88cf586921ee89a9da14e98f963.jpg, https://homesheel.com.vn/wp-content/uploads/2022/09/z3744720486454_6c1417bb201a71ac4e069618b196304a.jpg, https://homesheel.com.vn/wp-content/uploads/2022/09/z3744720491614_2b24bb59a6716b71f1c7f3b9822c317a.jpg"
"Xe điện bay Homesheel Crazy Drift",,5790000,"https://homesheel.com.vn/wp-content/uploads/2022/09/z3747112707323_e3a528601ea1caff7667b40ca5cac8da.jpg, https://homesheel.com.vn/wp-content/uploads/2022/09/z3747112707300_d5e865334544259244d4aa9296e52a21.jpg, https://homesheel.com.vn/wp-content/uploads/2022/09/z3746336696728_f83a94996735772cd5a6dccb4b7cc8ad.jpg, https://homesheel.com.vn/wp-content/uploads/2022/09/z3746336711406_518d3862d23bc404a1b0e855f3d076e9.jpg, https://homesheel.com.vn/wp-content/uploads/2022/09/z3747112706851_0b02c089e3597c7088cf136407ca6917.jpg, https://homesheel.com.vn/wp-content/uploads/2022/09/z3747112707325_99e2af35e6b5e9e457f125c1baefc2c4.jpg, https://homesheel.com.vn/wp-content/uploads/2022/09/z3747112707297_0f6c8b61bab18871ed12b682b9daf5fa.jpg, https://homesheel.com.vn/wp-content/uploads/2022/09/z3747112707336_c15925027d640d70c5a446e68dd033eb.jpg, https://homesheel.com.vn/wp-content/uploads/2022/08/z4125482236488_7d5208e215b023d34e85e22e781744e1.jpg"
"Xe Đạp Điện Thể Thao Homesheel T21 Sunday ( USA)",,25990000,"https://homesheel.com.vn/wp-content/uploads/2022/09/HOMESHEEL-t21-sunday-web.png, https://homesheel.com.vn/wp-content/uploads/2022/09/HOMESHEEL-SUNDAY.jpg, https://homesheel.com.vn/wp-content/uploads/2022/09/HOMESHEEL-t21-sunday-web.jpg, https://homesheel.com.vn/wp-content/uploads/2022/09/MIN01735-scaled-1.jpg, https://homesheel.com.vn/wp-content/uploads/2022/09/MIN01738-scaled-1.jpg, https://homesheel.com.vn/wp-content/uploads/2022/09/MIN01740-scaled-1.jpg, https://homesheel.com.vn/wp-content/uploads/2022/09/MIN01741-scaled-1.jpg, https://homesheel.com.vn/wp-content/uploads/2022/09/MIN01748-scaled-1.jpg, https://homesheel.com.vn/wp-content/uploads/2022/09/MIN01752-scaled-1.jpg, https://homesheel.com.vn/wp-content/uploads/2022/09/MIN01754-scaled-1.jpg, https://homesheel.com.vn/wp-content/uploads/2022/09/MIN01755-scaled-1.jpg, https://homesheel.com.vn/wp-content/uploads/2022/09/MIN01760-scaled-1.jpg, https://homesheel.com.vn/wp-content/uploads/2022/09/MIN01782-scaled-1.jpg, https://homesheel.com.vn/wp-content/uploads/2022/09/MIN01792-scaled-1.jpg, https://homesheel.com.vn/wp-content/uploads/2022/09/Sher1550-scaled-1.jpg, https://homesheel.com.vn/wp-content/uploads/2022/09/Sher1551-scaled-1.jpg, https://homesheel.com.vn/wp-content/uploads/2022/08/z4125482273063_16d7aca4accf1ac6551fd073baf3640e.jpg"
"Xe Đạp Điện Thể Thao Homesheel Monday",17490000,18990000,"https://homesheel.com.vn/wp-content/uploads/2022/11/MIN01704-scaled.jpg, https://homesheel.com.vn/wp-content/uploads/2022/11/Sher1530-scaled.jpg, https://homesheel.com.vn/wp-content/uploads/2022/11/Sher1528-scaled.jpg, https://homesheel.com.vn/wp-content/uploads/2022/11/Sher1524-scaled.jpg, https://homesheel.com.vn/wp-content/uploads/2022/11/Sher1523-scaled.jpg, https://homesheel.com.vn/wp-content/uploads/2022/11/Sher1520-scaled.jpg, https://homesheel.com.vn/wp-content/uploads/2022/11/Sher1516-scaled.jpg, https://homesheel.com.vn/wp-content/uploads/2022/11/Sher1515-scaled.jpg, https://homesheel.com.vn/wp-content/uploads/2022/11/MIN01728-scaled.jpg, https://homesheel.com.vn/wp-content/uploads/2022/11/MIN01726-scaled.jpg, https://homesheel.com.vn/wp-content/uploads/2022/11/MIN01725-scaled.jpg, https://homesheel.com.vn/wp-content/uploads/2022/11/MIN01724-scaled.jpg, https://homesheel.com.vn/wp-content/uploads/2022/11/MIN01722-scaled.jpg, https://homesheel.com.vn/wp-content/uploads/2022/11/MIN01721-scaled.jpg, https://homesheel.com.vn/wp-content/uploads/2022/11/MIN01720-scaled.jpg, https://homesheel.com.vn/wp-content/uploads/2022/11/MIN01719-scaled.jpg, https://homesheel.com.vn/wp-content/uploads/2022/11/MIN01717-scaled.jpg, https://homesheel.com.vn/wp-content/uploads/2022/11/MIN01716-scaled.jpg, https://homesheel.com.vn/wp-content/uploads/2022/11/MIN01715-scaled.jpg, https://homesheel.com.vn/wp-content/uploads/2022/11/MIN01713-scaled.jpg, https://homesheel.com.vn/wp-content/uploads/2022/11/MIN01711-scaled.jpg, https://homesheel.com.vn/wp-content/uploads/2022/11/MIN01709-scaled.jpg, https://homesheel.com.vn/wp-content/uploads/2022/11/MIN01708-scaled.jpg, https://homesheel.com.vn/wp-content/uploads/2022/11/MIN01705-scaled.jpg, https://homesheel.com.vn/wp-content/uploads/2022/08/z4125482285449_169c7fbe7daf356b13aa81823bfae492.jpg"
"Xe Đạp Điện Thể Thao Homesheel T21 Sunday Pro ( USA)",,27490000-31490000,"https://homesheel.com.vn/wp-content/uploads/2022/11/MIN01771-scaled.jpg, https://homesheel.com.vn/wp-content/uploads/2022/09/DSC07029-scaled.jpg, https://homesheel.com.vn/wp-content/uploads/2022/09/DSC07032-scaled.jpg, https://homesheel.com.vn/wp-content/uploads/2022/09/DSC07034-scaled.jpg, https://homesheel.com.vn/wp-content/uploads/2022/09/DSC07041-scaled.jpg, https://homesheel.com.vn/wp-content/uploads/2022/11/MIN01773-scaled.jpg, https://homesheel.com.vn/wp-content/uploads/2022/11/MIN01794-scaled.jpg, https://homesheel.com.vn/wp-content/uploads/2022/11/MIN01784-scaled.jpg, https://homesheel.com.vn/wp-content/uploads/2022/11/Sher1568-scaled.jpg, https://homesheel.com.vn/wp-content/uploads/2022/11/MIN01777-scaled.jpg, https://homesheel.com.vn/wp-content/uploads/2022/11/MIN01775-scaled.jpg, https://homesheel.com.vn/wp-content/uploads/2022/11/MIN01774-scaled.jpg, https://homesheel.com.vn/wp-content/uploads/2022/11/MIN01791-scaled.jpg, https://homesheel.com.vn/wp-content/uploads/2022/11/Sher1563-scaled.jpg, https://homesheel.com.vn/wp-content/uploads/2022/11/Sher1573-scaled.jpg, https://homesheel.com.vn/wp-content/uploads/2022/11/Sher1577-scaled.jpg"
"MŨ BẢO HIỂM XE ĐẠP THỂ THAO HOMESHEEL",,250000,"https://homesheel.com.vn/wp-content/uploads/2022/11/mu-bao-hiem-the-thao-6.jpg, https://homesheel.com.vn/wp-content/uploads/2022/11/mu-bao-hiem-the-thao-7.jpg, https://homesheel.com.vn/wp-content/uploads/2022/11/mu-bao-hiem-the-thao-6.jpg, https://homesheel.com.vn/wp-content/uploads/2022/11/mu-bao-hiem-the-thao-5.jpg, https://homesheel.com.vn/wp-content/uploads/2022/11/mu-bao-hiem-the-thao-4.jpg, https://homesheel.com.vn/wp-content/uploads/2022/11/mu-bao-hiem-the-thao-3.jpg, https://homesheel.com.vn/wp-content/uploads/2022/11/mu-bao-hiem-the-thao-2.jpg, https://homesheel.com.vn/wp-content/uploads/2022/11/mu-bao-hiem-the-thao-1.jpg"
"MŨ BẢO HIỂM XE ĐẠP THỂ THAO HOMESHEEL (TRÒN)",,290000,"https://homesheel.com.vn/wp-content/uploads/2022/11/mu-bao-hiem-tre-em-2.jpg, https://homesheel.com.vn/wp-content/uploads/2022/11/mu-bao-hiem-tre-em-4.jpg, https://homesheel.com.vn/wp-content/uploads/2022/11/mu-bao-hiem-tre-em-3.jpg, https://homesheel.com.vn/wp-content/uploads/2022/11/mu-bao-hiem-tre-em-2.jpg, https://homesheel.com.vn/wp-content/uploads/2022/11/mu-bao-hiem-tre-em-1.jpg"
"MŨ BẢO HIỂM XE ĐẠP THỂ THAO CÓ KÍNH HOMESHEEL",,590000,"https://homesheel.com.vn/wp-content/uploads/2022/11/mu-bao-hiem-co-kinh-1.jpg, https://homesheel.com.vn/wp-content/uploads/2022/11/mu-bao-hiem-co-kinh-1.jpg, https://homesheel.com.vn/wp-content/uploads/2022/11/mu-bao-hiem-co-kinh-2.jpg, https://homesheel.com.vn/wp-content/uploads/2022/11/mu-bao-hiem-co-kinh-3.jpg, https://homesheel.com.vn/wp-content/uploads/2022/11/mu-bao-hiem-co-kinh-4.jpg, https://homesheel.com.vn/wp-content/uploads/2022/11/mu-bao-hiem-co-kinh-6.jpg"
"ĐÈN HẬU XE ĐẠP THỂ THAO HOMESHEEL",,149000,"https://homesheel.com.vn/wp-content/uploads/2022/11/Den-hau-nho-1.jpg, https://homesheel.com.vn/wp-content/uploads/2022/11/Den-hau-nho-5.jpg, https://homesheel.com.vn/wp-content/uploads/2022/11/Den-hau-nho-4.jpg, https://homesheel.com.vn/wp-content/uploads/2022/11/Den-hau-nho-3-1.jpg"
"ĐÈN HẬU TRÒN XE ĐẠP THỂ THAO HOMESHEEL",,149000,"https://homesheel.com.vn/wp-content/uploads/2022/11/den-hau-tron-1.jpg, https://homesheel.com.vn/wp-content/uploads/2022/11/den-hau-tron-4.jpg, https://homesheel.com.vn/wp-content/uploads/2022/11/den-hau-tron-3.jpg, https://homesheel.com.vn/wp-content/uploads/2022/11/den-hau-tron-2.jpg"
"ĐÈN TRƯỚC XE ĐẠP HOMESHEEL",,149000,"https://homesheel.com.vn/wp-content/uploads/2022/11/Den-truoc-1.jpg, https://homesheel.com.vn/wp-content/uploads/2022/11/Den-truoc-3.jpg, https://homesheel.com.vn/wp-content/uploads/2022/11/Den-truoc-2.jpg"
"ĐÈN TRƯỚC XE ĐẠP HOMESHEEL ( CAO CẤP)",,290000,"https://homesheel.com.vn/wp-content/uploads/2022/11/Den-truoc-cao-cap.jpg, https://homesheel.com.vn/wp-content/uploads/2022/11/Den-truoc-cao-cap-3.jpg, https://homesheel.com.vn/wp-content/uploads/2022/11/Den-truoc-cao-cap-2.jpg"
"Xe Điện Homesheel Scooter X9 plus (New)",,14490000,"https://homesheel.com.vn/wp-content/uploads/2022/11/z3898069984936_e05b537c7b775c9dacb327bdf3e6f784.jpg, https://homesheel.com.vn/wp-content/uploads/2022/11/7.png, https://homesheel.com.vn/wp-content/uploads/2022/11/5.png, https://homesheel.com.vn/wp-content/uploads/2022/11/6.png, https://homesheel.com.vn/wp-content/uploads/2022/11/4.png, https://homesheel.com.vn/wp-content/uploads/2022/11/2.png, https://homesheel.com.vn/wp-content/uploads/2022/11/3.png, https://homesheel.com.vn/wp-content/uploads/2022/11/1-1.png"
"YÊN XE ĐẠP THỂ THAO HOMESHEEL",,220000,"https://homesheel.com.vn/wp-content/uploads/2022/12/YEN-XE.jpg, https://homesheel.com.vn/wp-content/uploads/2022/12/z3923076536457_92da58f7b686a7b423afe5881ffa57c1-1.jpg, https://homesheel.com.vn/wp-content/uploads/2022/12/z3923076536103_0729ca883933594ca0c12afcaebcef60.jpg, https://homesheel.com.vn/wp-content/uploads/2022/12/z3923076509675_e5565c562dacb14f347787dc2b620de5.jpg"
"KỆ YÊN SAU, GÁC BAGA XE ĐẠP HOMESHEEL",,519000,"https://homesheel.com.vn/wp-content/uploads/2022/12/z3925408709831_66364f48e05c0184fdc7a508e3125f50.jpg, https://homesheel.com.vn/wp-content/uploads/2022/12/z3925408688616_6f4cc1ca989b8bda25489ad05d19a720.jpg, https://homesheel.com.vn/wp-content/uploads/2022/12/z3925408698196_0d6bb376ed7ce21caa1ac3e27a9113bc.jpg, https://homesheel.com.vn/wp-content/uploads/2022/12/z3925408709743_09a298bdc591e840a1098d83072ae718.jpg"
"BÌNH NƯỚC THỂ THAO 750ML HOMESHEEL CAO CẤP",,99000,"https://homesheel.com.vn/wp-content/uploads/2023/02/z4144296861916_cd260a3504c8f7ffc4b59c7f6265341a.jpg, https://homesheel.com.vn/wp-content/uploads/2023/02/z4144295865214_dab1f687baaaf6e85dda790e76e1e5a3.jpg, https://homesheel.com.vn/wp-content/uploads/2023/02/z4144292889209_9a05f255cff50ea692e6aa1246c7a076.jpg, https://homesheel.com.vn/wp-content/uploads/2023/02/z4144296861916_cd260a3504c8f7ffc4b59c7f6265341a.jpg"
"CẦN ĐIỀU KHIỂN XE CÂN BẰNG NINEBOT HOMESHEEL",,590000,"https://homesheel.com.vn/wp-content/uploads/2023/03/6.jpg, https://homesheel.com.vn/wp-content/uploads/2023/03/5.jpg, https://homesheel.com.vn/wp-content/uploads/2023/03/7.jpg, https://homesheel.com.vn/wp-content/uploads/2023/03/6.jpg, https://homesheel.com.vn/wp-content/uploads/2023/03/4.png, https://homesheel.com.vn/wp-content/uploads/2023/03/3.png, https://homesheel.com.vn/wp-content/uploads/2023/03/2.png, https://homesheel.com.vn/wp-content/uploads/2023/03/1.png"
"Xe Đạp Điện Thể Thao Homesheel C21",23990000,26490000,"https://homesheel.com.vn/wp-content/uploads/2023/03/C21-15.png, https://homesheel.com.vn/wp-content/uploads/2023/03/C21-2.png, https://homesheel.com.vn/wp-content/uploads/2023/03/C21-3.png, https://homesheel.com.vn/wp-content/uploads/2023/03/C21-4.png, https://homesheel.com.vn/wp-content/uploads/2023/03/C21-5.png, https://homesheel.com.vn/wp-content/uploads/2023/03/C21-6.png, https://homesheel.com.vn/wp-content/uploads/2023/03/C21-7.png, https://homesheel.com.vn/wp-content/uploads/2023/03/C21-8.png, https://homesheel.com.vn/wp-content/uploads/2023/03/C21-9.png, https://homesheel.com.vn/wp-content/uploads/2023/03/C21-10.png, https://homesheel.com.vn/wp-content/uploads/2023/03/C21-11.png, https://homesheel.com.vn/wp-content/uploads/2023/03/C21-12.png, https://homesheel.com.vn/wp-content/uploads/2023/03/C21-13.png, https://homesheel.com.vn/wp-content/uploads/2023/03/C21-14.png, https://homesheel.com.vn/wp-content/uploads/2023/03/C21-15.png, https://homesheel.com.vn/wp-content/uploads/2023/03/C21-27.png"
"YÊN SAU, GÁC BAGA XE ĐẠP HOMESHEEL T6",,690000,"https://homesheel.com.vn/wp-content/uploads/2023/03/T6-yen-sau.jpg, https://homesheel.com.vn/wp-content/uploads/2022/12/z3925408688616_6f4cc1ca989b8bda25489ad05d19a720.jpg, https://homesheel.com.vn/wp-content/uploads/2022/12/z3925408698196_0d6bb376ed7ce21caa1ac3e27a9113bc.jpg, https://homesheel.com.vn/wp-content/uploads/2022/12/z3925408709743_09a298bdc591e840a1098d83072ae718.jpg, https://homesheel.com.vn/wp-content/uploads/2023/03/T6-gan-yen-sau-2-scaled.jpg, https://homesheel.com.vn/wp-content/uploads/2023/03/T6-gan-yen-sau-1-scaled.jpg"
"Lốp xe, vỏ xe đạp, xe đạp điện 20inch bánh béo Homesheel T20, T21,T22",,420000,"https://homesheel.com.vn/wp-content/uploads/2023/05/20x4.0-1.jpg, https://homesheel.com.vn/wp-content/uploads/2023/04/lop-xe.jpg, https://homesheel.com.vn/wp-content/uploads/2023/04/20x4.0-122.jpg, https://homesheel.com.vn/wp-content/uploads/2023/04/Picture2.jpg, https://homesheel.com.vn/wp-content/uploads/2023/04/Untitled-2.jpg"
"Ruột, săm, xăm xe đạp điện các loại Homesheel",,,"https://homesheel.com.vn/wp-content/uploads/2023/04/sam-xe.png, https://homesheel.com.vn/wp-content/uploads/2023/04/14x175CC-1.jpg, https://homesheel.com.vn/wp-content/uploads/2023/04/ruot-10inch.jpg, https://homesheel.com.vn/wp-content/uploads/2023/04/16X175-2.jpg"
"Ruột, săm, xăm xe đạp điện các loại Homesheel - 10 inch",,150000,https://homesheel.com.vn/wp-content/uploads/2023/04/ruot-10inch.jpg
"Ruột, săm, xăm xe đạp điện các loại Homesheel - 14 inch",,150000,https://homesheel.com.vn/wp-content/uploads/2023/04/14x175.jpg
"Ruột, săm, xăm xe đạp điện các loại Homesheel - 16 inch",,150000,https://homesheel.com.vn/wp-content/uploads/2023/04/16X175-2.jpg
"Ruột, săm, xăm xe đạp điện các loại Homesheel - 20 inch",,200000,https://homesheel.com.vn/wp-content/uploads/2023/04/z4280740882547_e58dd453afd96ae66715b48962087b5a.jpg
"Lốp, vỏ xe đạp, xe đạp điện 8inch,10inch, 14inch, 16inch Homesheel",,,"https://homesheel.com.vn/wp-content/uploads/2023/04/10x2.7.jpg, https://homesheel.com.vn/wp-content/uploads/2023/04/16x1.95.jpg, https://homesheel.com.vn/wp-content/uploads/2023/04/Picture1.jpg, https://homesheel.com.vn/wp-content/uploads/2023/04/10x2.7.jpg, https://homesheel.com.vn/wp-content/uploads/2023/04/lop-xe-scooter-1.jpg, https://homesheel.com.vn/wp-content/uploads/2023/04/z4279776624128_b03d5ed7f4c2702a095d619cd63d8548.jpg"
"Lốp, vỏ xe đạp, xe đạp điện 8inch,10inch, 14inch, 16inch Homesheel - 8 inch",,200000,https://homesheel.com.vn/wp-content/uploads/2023/04/z4280800072761_ab35af599b47a073e907644cc0d81c8f.jpg
"Lốp, vỏ xe đạp, xe đạp điện 8inch,10inch, 14inch, 16inch Homesheel - 10 inch",,200000,https://homesheel.com.vn/wp-content/uploads/2023/04/z4280768335054_31c53fd732f84c245582b888c1f0fdf2.jpg
"Lốp, vỏ xe đạp, xe đạp điện 8inch,10inch, 14inch, 16inch Homesheel - 14 inch",,200000,https://homesheel.com.vn/wp-content/uploads/2023/04/Picture1-1.jpg
"Lốp, vỏ xe đạp, xe đạp điện 8inch,10inch, 14inch, 16inch Homesheel - 16 inch",,200000,https://homesheel.com.vn/wp-content/uploads/2023/04/16x1.95-1.jpg
"Vali điện Homesheel Airwheel SE3mini",,10990000,"https://homesheel.com.vn/wp-content/uploads/2023/05/z4371950141668_c2922371d9d5cdcc5f7f58636485e7a7.jpg, https://homesheel.com.vn/wp-content/uploads/2023/05/5.png, https://homesheel.com.vn/wp-content/uploads/2023/05/8.png, https://homesheel.com.vn/wp-content/uploads/2023/05/airwheel_se3mini_riding_luggage_0506.jpg, https://homesheel.com.vn/wp-content/uploads/2023/05/airwheel_se3mini_riding_luggage.jpg, https://homesheel.com.vn/wp-content/uploads/2023/05/airwheel_se3mini_battery.jpg, https://homesheel.com.vn/wp-content/uploads/2023/05/airwheel_se3mini_smart_luggage.jpg, https://homesheel.com.vn/wp-content/uploads/2023/05/airwheel_se3mini_riding_suitcase.jpg, https://homesheel.com.vn/wp-content/uploads/2023/05/airwheel_se3mini_scooter.jpg"
"Vali điện Homesheel Airwheel SE3S",,12490000,"https://homesheel.com.vn/wp-content/uploads/2023/05/vali-dien-homesheel-airwheel-se3s-6-nen.jpg, https://homesheel.com.vn/wp-content/uploads/2023/05/vali-dien-homesheel-airwheel-se3s-1.jpg, https://homesheel.com.vn/wp-content/uploads/2023/05/vali-dien-homesheel-airwheel-se3s-4d.jpg, https://homesheel.com.vn/wp-content/uploads/2023/05/vali-dien-homesheel-airwheel-se3s-2.jpg, https://homesheel.com.vn/wp-content/uploads/2023/05/Vali-dien-homesheel-airwheel-SE3S-2-1.jpg, https://homesheel.com.vn/wp-content/uploads/2023/05/Vali-dien-homesheel-airwheel-SE3S-3-1.jpg, https://homesheel.com.vn/wp-content/uploads/2023/05/Vali-dien-homesheel-airwheel-SE3S-4.jpg, https://homesheel.com.vn/wp-content/uploads/2023/05/Vali-dien-homesheel-airwheel-SE3S-5.jpg, https://homesheel.com.vn/wp-content/uploads/2023/05/Vali-dien-homesheel-airwheel-SE3S-6.jpg, https://homesheel.com.vn/wp-content/uploads/2023/05/Vali-dien-homesheel-airwheel-SE3S-7.jpg, https://homesheel.com.vn/wp-content/uploads/2023/05/Vali-dien-homesheel-airwheel-SE3S-8.jpg, https://homesheel.com.vn/wp-content/uploads/2023/05/Vali-dien-homesheel-airwheel-SE3S-9.jpg, https://homesheel.com.vn/wp-content/uploads/2023/05/Vali-dien-homesheel-airwheel-SE3S-10.jpg"
"GHẾ NGỒI DÀNH CHO XE ĐIỆN SCOOTER HOMESHEEL Y1",,1190000,"https://homesheel.com.vn/wp-content/uploads/2023/05/z4381499148162_8fb66bcc1441f5ea951e1cfa1d54ed01.jpg, https://homesheel.com.vn/wp-content/uploads/2023/05/z4381500710140_b95a396d630a55f9ab60016f6b524bfe.jpg, https://homesheel.com.vn/wp-content/uploads/2023/05/z4381499148162_8fb66bcc1441f5ea951e1cfa1d54ed01.jpg, https://homesheel.com.vn/wp-content/uploads/2023/05/z4381498339308_40aa729f13f5aaf6ac43e93dc085e6c1.jpg, https://homesheel.com.vn/wp-content/uploads/2023/05/z4381497488426_ecc6c815dcf51fbc0d17bf73cee85299.jpg, https://homesheel.com.vn/wp-content/uploads/2023/05/z4381496888477_bcd0dbedefcf24be82eb89f4dbc64c31.jpg, https://homesheel.com.vn/wp-content/uploads/2023/05/z4381495853049_47ef91a83bd5892bd304415ff526ec72-e1685178263951.jpg"
"Xe Đạp Điện Gấp Gọn Homesheel T7",19890000,21890000,"https://homesheel.com.vn/wp-content/uploads/2023/07/t7-3.jpg, https://homesheel.com.vn/wp-content/uploads/2023/07/t7-1.jpg, https://homesheel.com.vn/wp-content/uploads/2023/07/t7-2.jpg, https://homesheel.com.vn/wp-content/uploads/2023/07/t7-3.jpg, https://homesheel.com.vn/wp-content/uploads/2023/07/t7-41.jpg, https://homesheel.com.vn/wp-content/uploads/2023/07/t7-5.jpg, https://homesheel.com.vn/wp-content/uploads/2023/07/t7-6.jpg, https://homesheel.com.vn/wp-content/uploads/2023/07/t7-7.jpg, https://homesheel.com.vn/wp-content/uploads/2023/07/t7-8.jpg"
"Xe Đạp Trợ Lực Điện Thể Thao Homesheel C24",24490000,26490000,"https://homesheel.com.vn/wp-content/uploads/2023/08/Xe-the-thao-C24-6.png, https://homesheel.com.vn/wp-content/uploads/2023/08/Xe-the-thao-C24-8.png, https://homesheel.com.vn/wp-content/uploads/2023/08/Xe-the-thao-C24-9.png, https://homesheel.com.vn/wp-content/uploads/2023/08/Xe-the-thao-C24-11.png"
"Giá Đỡ Điện Thoại Xe Điện",,,
"Giá Đỡ Điện Thoại Đa Năng",,69000,"https://homesheel.com.vn/wp-content/uploads/2023/10/6-1.png, https://homesheel.com.vn/wp-content/uploads/2023/10/6.png, https://homesheel.com.vn/wp-content/uploads/2023/10/2.png, https://homesheel.com.vn/wp-content/uploads/2023/10/4.png, https://homesheel.com.vn/wp-content/uploads/2023/10/5.png, https://homesheel.com.vn/wp-content/uploads/2023/10/3.png"
"Găng Tay Thể Thao",,59000,"https://homesheel.com.vn/wp-content/uploads/2023/10/1.png, https://homesheel.com.vn/wp-content/uploads/2023/10/4-1.png, https://homesheel.com.vn/wp-content/uploads/2023/10/3-1.png, https://homesheel.com.vn/wp-content/uploads/2023/10/2-2.png"
"Dè Xe Đạp Thể Thao HOMESHEEL",,69000,"https://homesheel.com.vn/wp-content/uploads/2023/10/2.jpg, https://homesheel.com.vn/wp-content/uploads/2023/10/3.jpg, https://homesheel.com.vn/wp-content/uploads/2023/10/2.jpg, https://homesheel.com.vn/wp-content/uploads/2023/10/1.jpg"
"Dè Xe Đạp Thể Thao HOMESHEEL",,59000,"https://homesheel.com.vn/wp-content/uploads/2023/10/Thiet-ke-chua-co-ten-1.png, https://homesheel.com.vn/wp-content/uploads/2023/10/1-1.png, https://homesheel.com.vn/wp-content/uploads/2023/10/2-4.png"
